2021-11-23T02:00:00.000000000Z,113.13,113.13,113.031,113.054,1590.0
2021-11-23T02:00:00.000000000Z,113.052,113.053,113.017,113.048,711.0
2021-11-23T02:00:00.000000000Z,113.046,113.072,113.046,113.066,442.0
2021-11-23T02:00:00.000000000Z,113.064,113.078,112.926,112.947,931.0
2021-11-23T02:00:00.000000000Z,112.948,112.969,112.901,112.902,982.0
2021-11-23T02:00:00.000000000Z,112.9,112.916,112.854,112.888,1419.0
2021-11-23T02:00:00.000000000Z,112.886,112.898,112.823,112.836,1230.0
2021-11-23T02:00:00.000000000Z,112.836,112.864,112.796,112.845,1209.0
2021-11-23T02:00:00.000000000Z,112.844,112.883,112.822,112.834,954.0
2021-11-23T02:00:00.000000000Z,112.833,112.868,112.83,112.866,712.0
2021-11-23T02:00:00.000000000Z,112.865,112.88,112.848,112.85,541.0
2021-11-23T02:00:00.000000000Z,112.852,112.857,112.82,112.825,637.0
2021-11-23T02:00:00.000000000Z,112.826,112.834,112.726,112.756,1181.0
2021-11-23T02:00:00.000000000Z,112.754,112.801,112.738,112.798,549.0
2021-11-23T02:00:00.000000000Z,112.799,112.8,112.76,112.768,498.0
2021-11-23T02:00:00.000000000Z,112.767,112.792,112.749,112.772,452.0
2021-11-23T02:00:00.000000000Z,112.771,112.792,112.758,112.772,301.0
2021-11-23T02:00:00.000000000Z,112.773,112.837,112.745,112.818,524.0
2021-11-23T02:00:00.000000000Z,112.82,112.857,112.818,112.83,456.0
2021-11-23T02:00:00.000000000Z,112.832,112.902,112.827,112.899,939.0
2021-11-23T02:00:00.000000000Z,112.898,112.922,112.81,112.818,1045.0
2021-11-23T02:00:00.000000000Z,112.82,112.858,112.811,112.83,934.0
2021-11-23T02:00:00.000000000Z,112.832,112.877,112.824,112.872,978.0
2021-11-23T02:00:00.000000000Z,112.872,112.92,112.85,112.854,1079.0
2021-11-23T02:00:00.000000000Z,112.852,112.96,112.846,112.946,1139.0
2021-11-23T02:00:00.000000000Z,112.945,113.006,112.918,112.981,982.0
2021-11-23T02:00:00.000000000Z,112.98,112.987,112.911,112.977,1140.0
2021-11-23T02:00:00.000000000Z,112.974,112.98,112.911,112.916,903.0
2021-11-23T02:00:00.000000000Z,112.915,112.916,112.844,112.864,1097.0
2021-11-23T02:00:00.000000000Z,112.866,112.887,112.82,112.834,844.0
2021-11-23T02:00:00.000000000Z,112.835,112.876,112.821,112.822,622.0
2021-11-23T02:00:00.000000000Z,112.821,112.867,112.821,112.851,456.0
2021-11-23T02:00:00.000000000Z,112.852,112.887,112.81,112.869,698.0
2021-11-23T02:00:00.000000000Z,112.868,112.88,112.847,112.86,433.0
2021-11-23T02:00:00.000000000Z,112.859,112.866,112.825,112.848,515.0
2021-11-23T02:00:00.000000000Z,112.847,112.854,112.81,112.847,715.0
2021-11-23T02:00:00.000000000Z,112.848,112.899,112.835,112.899,775.0
2021-11-23T02:00:00.000000000Z,112.898,112.926,112.88,112.91,613.0
2021-11-23T02:00:00.000000000Z,112.912,112.922,112.863,112.896,685.0
2021-11-23T02:00:00.000000000Z,112.896,112.969,112.896,112.966,823.0
2021-11-23T02:00:00.000000000Z,112.968,112.984,112.929,112.978,840.0
2021-11-23T02:00:00.000000000Z,112.976,113.059,112.965,113.012,1088.0
2021-11-23T02:00:00.000000000Z,113.01,113.068,112.992,113.065,1068.0
2021-11-23T02:00:00.000000000Z,113.064,113.076,113.028,113.064,1276.0
2021-11-23T02:00:00.000000000Z,113.063,113.114,113.057,113.077,1587.0
2021-11-23T02:00:00.000000000Z,113.078,113.116,113.033,113.034,1390.0
2021-11-23T02:00:00.000000000Z,113.036,113.058,112.951,112.953,1812.0
2021-11-23T02:00:00.000000000Z,112.954,112.966,112.833,112.874,1795.0
2021-11-23T02:00:00.000000000Z,112.875,112.972,112.865,112.966,1768.0
2021-11-23T02:00:00.000000000Z,112.968,113.0,112.908,112.958,1669.0
2021-11-23T02:00:00.000000000Z,112.957,112.957,112.844,112.86,1940.0
2021-11-23T02:00:00.000000000Z,112.862,112.878,112.744,112.794,2560.0
2021-11-23T02:00:00.000000000Z,112.796,112.956,112.776,112.948,2865.0
2021-11-23T02:00:00.000000000Z,112.946,112.978,112.914,112.95,2226.0
2021-11-23T02:00:00.000000000Z,112.951,112.994,112.91,112.962,1740.0
2021-11-23T02:00:00.000000000Z,112.96,112.969,112.893,112.921,1554.0
2021-11-23T02:00:00.000000000Z,112.923,113.006,112.914,112.981,1348.0
2021-11-23T02:00:00.000000000Z,112.98,112.99,112.926,112.939,1150.0
2021-11-23T02:00:00.000000000Z,112.94,112.965,112.906,112.943,845.0
2021-11-23T02:00:00.000000000Z,112.945,112.951,112.852,112.88,1217.0
2021-11-23T02:00:00.000000000Z,112.878,112.9,112.854,112.899,880.0
2021-11-23T02:00:00.000000000Z,112.898,112.902,112.866,112.88,450.0
2021-11-23T02:00:00.000000000Z,112.878,112.916,112.856,112.864,563.0
2021-11-23T02:00:00.000000000Z,112.866,112.875,112.811,112.838,784.0
2021-11-23T02:00:00.000000000Z,112.836,112.935,112.824,112.911,1248.0
2021-11-23T02:00:00.000000000Z,112.91,112.914,112.866,112.893,767.0
2021-11-23T02:00:00.000000000Z,112.892,112.908,112.878,112.897,485.0
2021-11-23T02:00:00.000000000Z,112.898,112.904,112.83,112.837,394.0
2021-11-23T02:00:00.000000000Z,112.836,112.882,112.834,112.871,605.0
2021-11-23T02:00:00.000000000Z,112.872,112.893,112.852,112.856,401.0
2021-11-23T02:00:00.000000000Z,112.857,112.864,112.839,112.861,469.0
2021-11-23T02:00:00.000000000Z,112.862,112.872,112.828,112.833,495.0
2021-11-23T02:00:00.000000000Z,112.832,112.856,112.806,112.854,977.0
2021-11-23T02:00:00.000000000Z,112.856,112.888,112.848,112.886,642.0
2021-11-23T02:00:00.000000000Z,112.885,112.887,112.861,112.872,257.0
2021-11-23T02:00:00.000000000Z,112.87,112.886,112.855,112.869,359.0
2021-11-23T02:00:00.000000000Z,112.87,112.888,112.866,112.876,293.0
2021-11-23T02:00:00.000000000Z,112.878,112.886,112.868,112.876,115.0
2021-11-23T02:00:00.000000000Z,112.875,112.89,112.849,112.887,186.0
2021-11-23T02:00:00.000000000Z,112.886,112.89,112.869,112.88,157.0
2021-11-23T02:00:00.000000000Z,112.871,112.919,112.871,112.882,16.0
2021-11-23T02:00:00.000000000Z,112.893,112.893,112.872,112.872,7.0
2021-11-23T02:00:00.000000000Z,112.876,112.906,112.876,112.904,13.0
2021-11-23T02:00:00.000000000Z,112.902,112.916,112.899,112.899,26.0
2021-11-23T02:00:00.000000000Z,112.902,112.934,112.894,112.912,125.0
2021-11-23T02:00:00.000000000Z,112.909,112.934,112.909,112.927,94.0
2021-11-23T02:00:00.000000000Z,112.926,112.958,112.894,112.932,460.0
2021-11-23T02:00:00.000000000Z,112.934,112.934,112.904,112.914,234.0
2021-11-23T02:00:00.000000000Z,112.915,112.952,112.883,112.911,635.0
2021-11-23T02:00:00.000000000Z,112.912,112.913,112.86,112.887,579.0
2021-11-23T02:00:00.000000000Z,112.886,112.921,112.866,112.881,663.0
2021-11-23T02:00:00.000000000Z,112.88,112.906,112.808,112.869,1064.0
2021-11-23T02:00:00.000000000Z,112.868,112.868,112.811,112.834,556.0
2021-11-23T02:00:00.000000000Z,112.832,112.87,112.822,112.852,573.0
2021-11-23T02:00:00.000000000Z,112.85,112.898,112.844,112.897,682.0
2021-11-23T02:00:00.000000000Z,112.896,112.926,112.881,112.911,660.0
2021-11-23T02:00:00.000000000Z,112.912,112.919,112.882,112.899,468.0
2021-11-23T02:00:00.000000000Z,112.9,112.908,112.868,112.882,307.0
2021-11-23T02:00:00.000000000Z,112.884,112.884,112.827,112.836,445.0
2021-11-23T02:00:00.000000000Z,112.834,112.863,112.819,112.854,628.0
2021-11-23T02:00:00.000000000Z,112.853,112.893,112.845,112.878,363.0
2021-11-23T02:00:00.000000000Z,112.876,112.882,112.826,112.828,484.0
2021-11-23T02:00:00.000000000Z,112.829,112.844,112.776,112.794,405.0
2021-11-23T02:00:00.000000000Z,112.794,112.848,112.791,112.845,573.0
2021-11-23T02:00:00.000000000Z,112.846,112.852,112.808,112.828,437.0
2021-11-23T02:00:00.000000000Z,112.829,112.851,112.79,112.844,401.0
2021-11-23T02:00:00.000000000Z,112.846,112.848,112.824,112.843,204.0
2021-11-23T02:00:00.000000000Z,112.844,112.87,112.844,112.855,208.0
2021-11-23T02:00:00.000000000Z,112.853,112.856,112.827,112.856,358.0
2021-11-23T02:00:00.000000000Z,112.858,112.873,112.847,112.854,229.0
2021-11-23T02:00:00.000000000Z,112.856,112.894,112.856,112.876,252.0
2021-11-23T02:00:00.000000000Z,112.875,112.897,112.87,112.881,280.0
2021-11-23T02:00:00.000000000Z,112.882,112.884,112.862,112.881,247.0
2021-11-23T02:00:00.000000000Z,112.882,112.909,112.882,112.892,329.0
2021-11-23T02:00:00.000000000Z,112.89,112.939,112.887,112.918,302.0
2021-11-23T02:00:00.000000000Z,112.92,112.942,112.914,112.926,474.0
2021-11-23T02:00:00.000000000Z,112.925,113.005,112.911,113.0,961.0
2021-11-23T02:00:00.000000000Z,113.002,113.092,113.0,113.061,1282.0
2021-11-23T02:00:00.000000000Z,113.062,113.138,113.059,113.092,1285.0
2021-11-23T02:00:00.000000000Z,113.09,113.124,113.075,113.097,1035.0
2021-11-23T02:00:00.000000000Z,113.099,113.144,113.064,113.106,1265.0
2021-11-23T02:00:00.000000000Z,113.107,113.119,113.078,113.104,893.0
2021-11-23T02:00:00.000000000Z,113.103,113.106,113.065,113.094,799.0
2021-11-23T02:00:00.000000000Z,113.092,113.186,113.088,113.145,993.0
2021-11-23T02:00:00.000000000Z,113.146,113.186,113.125,113.179,810.0
2021-11-23T02:00:00.000000000Z,113.178,113.202,113.148,113.151,681.0
2021-11-23T02:00:00.000000000Z,113.152,113.191,113.152,113.19,750.0
2021-11-23T02:00:00.000000000Z,113.188,113.237,113.188,113.218,604.0
2021-11-23T02:00:00.000000000Z,113.216,113.22,113.176,113.178,398.0
2021-11-23T02:00:00.000000000Z,113.18,113.202,113.166,113.202,385.0
2021-11-23T02:00:00.000000000Z,113.201,113.207,113.172,113.198,620.0
2021-11-23T02:00:00.000000000Z,113.197,113.202,113.177,113.2,574.0
2021-11-23T02:00:00.000000000Z,113.201,113.203,113.154,113.164,747.0
2021-11-23T02:00:00.000000000Z,113.166,113.204,113.142,113.201,658.0
2021-11-23T02:00:00.000000000Z,113.202,113.23,113.196,113.226,482.0
2021-11-23T02:00:00.000000000Z,113.225,113.254,113.2,113.228,836.0
2021-11-23T02:00:00.000000000Z,113.23,113.244,113.188,113.208,788.0
2021-11-23T02:00:00.000000000Z,113.21,113.252,113.192,113.248,530.0
2021-11-23T02:00:00.000000000Z,113.248,113.338,113.238,113.292,1070.0
2021-11-23T02:00:00.000000000Z,113.293,113.314,113.264,113.268,1055.0
2021-11-23T02:00:00.000000000Z,113.269,113.282,113.25,113.26,994.0
2021-11-23T02:00:00.000000000Z,113.26,113.287,113.212,113.226,1300.0
2021-11-23T02:00:00.000000000Z,113.223,113.494,113.223,113.436,5344.0
2021-11-23T02:00:00.000000000Z,113.438,113.483,113.27,113.447,3377.0
2021-11-23T02:00:00.000000000Z,113.446,113.49,113.381,113.486,2390.0
2021-11-23T02:00:00.000000000Z,113.484,113.488,113.361,113.37,1817.0
2021-11-23T02:00:00.000000000Z,113.371,113.49,113.348,113.46,3070.0
2021-11-23T02:00:00.000000000Z,113.458,113.668,113.446,113.654,3171.0
2021-11-23T02:00:00.000000000Z,113.652,113.74,113.642,113.73,2067.0
2021-11-23T02:00:00.000000000Z,113.729,113.785,113.657,113.768,1648.0
2021-11-23T02:00:00.000000000Z,113.77,113.886,113.757,113.885,1977.0
2021-11-23T02:00:00.000000000Z,113.886,113.94,113.837,113.898,2062.0
2021-11-23T02:00:00.000000000Z,113.899,113.907,113.808,113.896,2094.0
2021-11-23T02:00:00.000000000Z,113.894,113.91,113.824,113.869,1082.0
2021-11-23T02:00:00.000000000Z,113.868,113.904,113.83,113.887,991.0
2021-11-23T02:00:00.000000000Z,113.888,113.91,113.859,113.884,762.0
2021-11-23T02:00:00.000000000Z,113.886,113.972,113.886,113.962,1200.0
2021-11-23T02:00:00.000000000Z,113.963,113.98,113.952,113.954,673.0
2021-11-23T02:00:00.000000000Z,113.952,113.976,113.942,113.95,494.0
2021-11-23T02:00:00.000000000Z,113.948,113.948,113.9,113.93,715.0
2021-11-23T02:00:00.000000000Z,113.929,114.016,113.9,113.97,2965.0
2021-11-23T02:00:00.000000000Z,113.969,113.969,113.86,113.894,1859.0
2021-11-23T02:00:00.000000000Z,113.895,113.944,113.88,113.886,1033.0
2021-11-23T02:00:00.000000000Z,113.888,113.922,113.811,113.824,776.0
2021-11-23T02:00:00.000000000Z,113.822,113.86,113.804,113.818,895.0
2021-11-23T02:00:00.000000000Z,113.818,113.845,113.782,113.796,716.0
2021-11-23T02:00:00.000000000Z,113.798,113.834,113.738,113.741,760.0
2021-11-23T02:00:00.000000000Z,113.74,113.835,113.732,113.817,1046.0
2021-11-23T02:00:00.000000000Z,113.818,113.828,113.772,113.825,757.0
2021-11-23T02:00:00.000000000Z,113.824,113.89,113.812,113.882,622.0
2021-11-23T02:00:00.000000000Z,113.881,113.902,113.858,113.882,599.0
2021-11-23T02:00:00.000000000Z,113.881,113.9,113.862,113.898,472.0
2021-11-23T02:00:00.000000000Z,113.899,113.945,113.896,113.945,388.0
2021-11-23T02:00:00.000000000Z,113.944,113.955,113.928,113.946,144.0
2021-11-23T02:00:00.000000000Z,113.944,113.944,113.9,113.904,199.0
2021-11-23T02:00:00.000000000Z,113.902,113.912,113.898,113.912,320.0
2021-11-23T02:00:00.000000000Z,113.906,113.932,113.904,113.904,18.0
2021-11-23T02:00:00.000000000Z,113.902,113.907,113.898,113.902,7.0
2021-11-23T02:00:00.000000000Z,113.904,113.908,113.9,113.905,11.0
2021-11-23T02:00:00.000000000Z,113.902,113.902,113.867,113.89,74.0
2021-11-23T02:00:00.000000000Z,113.886,113.906,113.87,113.906,174.0
2021-11-23T02:00:00.000000000Z,113.904,113.905,113.868,113.869,139.0
2021-11-23T02:00:00.000000000Z,113.87,113.886,113.862,113.866,252.0
2021-11-23T02:00:00.000000000Z,113.865,113.908,113.856,113.908,374.0
2021-11-23T02:00:00.000000000Z,113.906,113.982,113.904,113.958,617.0
2021-11-23T02:00:00.000000000Z,113.958,113.992,113.94,113.957,1186.0
2021-11-23T02:00:00.000000000Z,113.956,113.99,113.916,113.941,1126.0
2021-11-23T02:00:00.000000000Z,113.94,113.983,113.921,113.956,1022.0
2021-11-23T02:00:00.000000000Z,113.957,114.08,113.947,114.039,1339.0
2021-11-23T02:00:00.000000000Z,114.04,114.088,114.028,114.028,550.0
2021-11-23T02:00:00.000000000Z,114.028,114.09,114.028,114.052,589.0
2021-11-23T02:00:00.000000000Z,114.054,114.081,114.049,114.066,394.0
2021-11-23T02:00:00.000000000Z,114.064,114.085,114.042,114.074,423.0
2021-11-23T02:00:00.000000000Z,114.074,114.084,114.052,114.07,283.0
2021-11-23T02:00:00.000000000Z,114.069,114.084,114.048,114.074,384.0
2021-11-23T02:00:00.000000000Z,114.074,114.157,114.066,114.092,666.0
2021-11-23T02:00:00.000000000Z,114.094,114.099,114.077,114.087,552.0
2021-11-23T02:00:00.000000000Z,114.085,114.085,114.057,114.061,252.0
2021-11-23T02:00:00.000000000Z,114.062,114.068,113.974,113.99,517.0
2021-11-23T02:00:00.000000000Z,113.988,114.006,113.977,114.001,315.0
2021-11-23T02:00:00.000000000Z,114.002,114.002,113.962,113.972,304.0
2021-11-23T02:00:00.000000000Z,113.97,113.983,113.921,113.956,412.0
2021-11-23T02:00:00.000000000Z,113.956,113.976,113.946,113.969,293.0
2021-11-23T02:00:00.000000000Z,113.97,113.988,113.966,113.966,172.0
2021-11-23T02:00:00.000000000Z,113.965,113.981,113.962,113.968,177.0
2021-11-23T02:00:00.000000000Z,113.966,113.976,113.96,113.963,175.0
2021-11-23T02:00:00.000000000Z,113.964,113.976,113.948,113.963,186.0
2021-11-23T02:00:00.000000000Z,113.962,113.962,113.92,113.944,300.0
2021-11-23T02:00:00.000000000Z,113.942,113.97,113.924,113.965,445.0
2021-11-23T02:00:00.000000000Z,113.964,113.982,113.938,113.952,345.0
2021-11-23T02:00:00.000000000Z,113.954,113.954,113.89,113.894,315.0
2021-11-23T02:00:00.000000000Z,113.896,113.938,113.893,113.932,204.0
2021-11-23T02:00:00.000000000Z,113.932,113.956,113.877,113.939,459.0
2021-11-23T02:00:00.000000000Z,113.938,114.042,113.934,114.042,449.0
2021-11-23T02:00:00.000000000Z,114.041,114.044,114.004,114.034,619.0
2021-11-23T02:00:00.000000000Z,114.032,114.092,114.03,114.083,893.0
2021-11-23T02:00:00.000000000Z,114.082,114.088,114.007,114.071,1110.0
2021-11-23T02:00:00.000000000Z,114.072,114.092,114.052,114.092,782.0
2021-11-23T02:00:00.000000000Z,114.09,114.134,114.055,114.064,980.0
2021-11-23T02:00:00.000000000Z,114.066,114.077,113.998,114.044,961.0
2021-11-23T02:00:00.000000000Z,114.043,114.068,114.017,114.042,593.0
2021-11-23T02:00:00.000000000Z,114.041,114.069,114.034,114.062,542.0
2021-11-23T02:00:00.000000000Z,114.06,114.066,114.022,114.039,527.0
2021-11-23T02:00:00.000000000Z,114.04,114.092,114.039,114.08,578.0
2021-11-23T02:00:00.000000000Z,114.078,114.08,114.013,114.018,502.0
2021-11-23T02:00:00.000000000Z,114.016,114.046,114.01,114.044,366.0
2021-11-23T02:00:00.000000000Z,114.046,114.05,114.018,114.04,582.0
2021-11-23T02:00:00.000000000Z,114.039,114.048,113.964,113.984,519.0
2021-11-23T02:00:00.000000000Z,113.986,114.01,113.954,113.958,715.0
2021-11-23T02:00:00.000000000Z,113.956,113.987,113.95,113.97,349.0
2021-11-23T02:00:00.000000000Z,113.972,113.988,113.937,113.947,546.0
2021-11-23T02:00:00.000000000Z,113.946,113.962,113.936,113.958,384.0
2021-11-23T02:00:00.000000000Z,113.956,113.956,113.894,113.904,613.0
2021-11-23T02:00:00.000000000Z,113.906,113.962,113.896,113.945,761.0
2021-11-23T02:00:00.000000000Z,113.946,113.964,113.916,113.926,852.0
2021-11-23T02:00:00.000000000Z,113.928,113.972,113.922,113.95,886.0
2021-11-23T02:00:00.000000000Z,113.95,113.99,113.94,113.95,872.0
2021-11-23T02:00:00.000000000Z,113.952,113.976,113.91,113.922,703.0
2021-11-23T02:00:00.000000000Z,113.92,113.92,113.807,113.865,1310.0
2021-11-23T02:00:00.000000000Z,113.864,113.899,113.842,113.875,779.0
2021-11-23T02:00:00.000000000Z,113.876,113.888,113.81,113.855,1042.0
2021-11-23T02:00:00.000000000Z,113.854,113.9,113.84,113.881,869.0
2021-11-23T02:00:00.000000000Z,113.882,113.938,113.858,113.914,843.0
2021-11-23T02:00:00.000000000Z,113.916,113.968,113.88,113.964,739.0
2021-11-23T02:00:00.000000000Z,113.965,113.988,113.934,113.978,675.0
2021-11-23T02:00:00.000000000Z,113.98,114.004,113.91,113.91,965.0
2021-11-23T02:00:00.000000000Z,113.912,113.956,113.898,113.952,628.0
2021-11-23T02:00:00.000000000Z,113.95,114.004,113.94,113.971,891.0
2021-11-23T02:00:00.000000000Z,113.97,113.992,113.942,113.98,600.0
2021-11-23T02:00:00.000000000Z,113.982,113.995,113.97,113.995,466.0
2021-11-23T02:00:00.000000000Z,113.996,114.048,113.995,114.005,542.0
2021-11-23T02:00:00.000000000Z,114.006,114.03,113.989,114.018,441.0
2021-11-23T02:00:00.000000000Z,114.016,114.04,113.99,114.03,219.0
2021-11-23T02:00:00.000000000Z,114.032,114.044,114.028,114.029,148.0
2021-11-23T02:00:00.000000000Z,114.028,114.064,114.024,114.06,256.0
2021-11-23T02:00:00.000000000Z,114.061,114.09,114.044,114.088,306.0
2021-11-23T02:00:00.000000000Z,114.087,114.092,114.054,114.074,447.0
2021-11-23T02:00:00.000000000Z,114.076,114.082,114.044,114.056,417.0
2021-11-23T02:00:00.000000000Z,114.058,114.075,114.049,114.074,463.0
2021-11-23T02:00:00.000000000Z,114.076,114.095,114.074,114.086,252.0
2021-11-23T02:00:00.000000000Z,114.086,114.092,114.066,114.066,258.0
2021-11-23T02:00:00.000000000Z,114.067,114.075,114.059,114.065,249.0
2021-11-23T02:00:00.000000000Z,114.064,114.08,114.048,114.079,220.0
2021-11-23T02:00:00.000000000Z,114.078,114.099,114.064,114.098,244.0
2021-11-23T02:00:00.000000000Z,114.097,114.109,114.062,114.066,258.0
2021-11-23T02:00:00.000000000Z,114.065,114.068,114.054,114.066,138.0
2021-11-23T02:00:00.000000000Z,114.068,114.09,114.066,114.068,145.0
2021-11-23T02:00:00.000000000Z,114.07,114.08,114.064,114.073,115.0
2021-11-23T02:00:00.000000000Z,114.074,114.084,114.074,114.078,112.0
2021-11-23T02:00:00.000000000Z,114.08,114.084,114.069,114.074,68.0
2021-11-23T02:00:00.000000000Z,114.073,114.092,114.06,114.068,125.0
2021-11-23T02:00:00.000000000Z,114.067,114.074,114.058,114.066,121.0
2021-11-23T02:00:00.000000000Z,114.069,114.072,114.056,114.058,24.0
2021-11-23T02:00:00.000000000Z,114.066,114.066,114.055,114.055,6.0
2021-11-23T02:00:00.000000000Z,114.052,114.057,114.052,114.055,8.0
2021-11-23T02:00:00.000000000Z,114.058,114.07,114.055,114.063,19.0
2021-11-23T02:00:00.000000000Z,114.065,114.065,114.043,114.048,259.0
2021-11-23T02:00:00.000000000Z,114.046,114.076,114.038,114.06,209.0
2021-11-23T02:00:00.000000000Z,114.058,114.06,114.035,114.052,183.0
2021-11-23T02:00:00.000000000Z,114.054,114.056,114.041,114.046,171.0
2021-11-23T02:00:00.000000000Z,114.044,114.126,114.04,114.11,683.0
2021-11-23T02:00:00.000000000Z,114.108,114.167,114.087,114.161,522.0
2021-11-23T02:00:00.000000000Z,114.162,114.186,114.136,114.172,692.0
2021-11-23T02:00:00.000000000Z,114.173,114.254,114.152,114.252,995.0
2021-11-23T02:00:00.000000000Z,114.25,114.291,114.215,114.261,737.0
2021-11-23T02:00:00.000000000Z,114.26,114.302,114.248,114.29,465.0
2021-11-23T02:00:00.000000000Z,114.291,114.292,114.226,114.24,443.0
2021-11-23T02:00:00.000000000Z,114.239,114.286,114.237,114.282,933.0
2021-11-23T02:00:00.000000000Z,114.281,114.282,114.252,114.266,471.0
2021-11-23T02:00:00.000000000Z,114.268,114.269,114.234,114.26,429.0
2021-11-23T02:00:00.000000000Z,114.258,114.262,114.224,114.224,585.0
2021-11-23T02:00:00.000000000Z,114.226,114.244,114.219,114.242,359.0
2021-11-23T02:00:00.000000000Z,114.242,114.256,114.233,114.25,372.0
2021-11-23T02:00:00.000000000Z,114.251,114.258,114.227,114.256,573.0
2021-11-23T02:00:00.000000000Z,114.254,114.277,114.242,114.274,522.0
2021-11-23T02:00:00.000000000Z,114.273,114.274,114.242,114.257,250.0
2021-11-23T02:00:00.000000000Z,114.258,114.259,114.238,114.248,160.0
2021-11-23T02:00:00.000000000Z,114.246,114.268,114.242,114.267,183.0
2021-11-23T02:00:00.000000000Z,114.266,114.266,114.246,114.248,257.0
2021-11-23T02:00:00.000000000Z,114.248,114.264,114.242,114.26,187.0
2021-11-23T02:00:00.000000000Z,114.261,114.285,114.246,114.248,343.0
2021-11-23T02:00:00.000000000Z,114.248,114.248,114.2,114.212,322.0
2021-11-23T02:00:00.000000000Z,114.21,114.226,114.179,114.196,522.0
2021-11-23T02:00:00.000000000Z,114.195,114.208,114.164,114.206,441.0
2021-11-23T02:00:00.000000000Z,114.205,114.23,114.189,114.224,291.0
2021-11-23T02:00:00.000000000Z,114.222,114.243,114.221,114.243,249.0
2021-11-23T02:00:00.000000000Z,114.244,114.248,114.204,114.216,206.0
2021-11-23T02:00:00.000000000Z,114.218,114.227,114.186,114.222,314.0
2021-11-23T02:00:00.000000000Z,114.221,114.228,114.192,114.218,606.0
2021-11-23T02:00:00.000000000Z,114.219,114.254,114.198,114.207,574.0
2021-11-23T02:00:00.000000000Z,114.208,114.208,114.118,114.12,810.0
2021-11-23T02:00:00.000000000Z,114.12,114.124,114.02,114.048,1060.0
2021-11-23T02:00:00.000000000Z,114.049,114.096,114.032,114.08,1138.0
2021-11-23T02:00:00.000000000Z,114.078,114.081,114.04,114.054,850.0
2021-11-23T02:00:00.000000000Z,114.056,114.073,113.974,113.992,1056.0
2021-11-23T02:00:00.000000000Z,113.994,114.034,113.952,114.007,850.0
2021-11-23T02:00:00.000000000Z,114.006,114.06,114.004,114.059,773.0
2021-11-23T02:00:00.000000000Z,114.058,114.076,114.045,114.048,695.0
2021-11-23T02:00:00.000000000Z,114.046,114.066,114.029,114.04,481.0
2021-11-23T02:00:00.000000000Z,114.04,114.044,113.966,114.032,552.0
2021-11-23T02:00:00.000000000Z,114.032,114.066,114.012,114.066,609.0
2021-11-23T02:00:00.000000000Z,114.064,114.072,114.041,114.052,420.0
2021-11-23T02:00:00.000000000Z,114.054,114.058,114.029,114.047,261.0
2021-11-23T02:00:00.000000000Z,114.046,114.094,114.034,114.088,388.0
2021-11-23T02:00:00.000000000Z,114.086,114.102,114.078,114.088,425.0
2021-11-23T02:00:00.000000000Z,114.089,114.132,114.08,114.106,533.0
2021-11-23T02:00:00.000000000Z,114.104,114.106,114.034,114.04,375.0
2021-11-23T02:00:00.000000000Z,114.041,114.062,114.032,114.058,306.0
2021-11-23T02:00:00.000000000Z,114.057,114.064,114.007,114.016,373.0
2021-11-23T02:00:00.000000000Z,114.018,114.023,113.936,113.964,657.0
2021-11-23T02:00:00.000000000Z,113.963,114.023,113.948,114.018,676.0
2021-11-23T02:00:00.000000000Z,114.017,114.024,113.978,114.001,600.0
2021-11-23T02:00:00.000000000Z,113.999,114.024,113.973,113.998,883.0
2021-11-23T02:00:00.000000000Z,113.996,114.035,113.944,113.97,983.0
2021-11-23T02:00:00.000000000Z,113.968,114.006,113.923,113.941,1280.0
2021-11-23T02:00:00.000000000Z,113.942,113.977,113.926,113.961,845.0
2021-11-23T02:00:00.000000000Z,113.959,113.982,113.914,113.924,1151.0
2021-11-23T02:00:00.000000000Z,113.922,113.958,113.899,113.957,828.0
2021-11-23T02:00:00.000000000Z,113.958,114.002,113.941,113.981,1039.0
2021-11-23T02:00:00.000000000Z,113.98,114.009,113.955,114.006,1077.0
2021-11-23T02:00:00.000000000Z,114.005,114.005,113.792,113.867,3230.0
2021-11-23T02:00:00.000000000Z,113.868,113.877,113.761,113.871,1904.0
2021-11-23T02:00:00.000000000Z,113.87,113.926,113.838,113.914,2098.0
2021-11-23T02:00:00.000000000Z,113.912,113.97,113.909,113.943,1283.0
2021-11-23T02:00:00.000000000Z,113.945,113.968,113.886,113.896,1136.0
2021-11-23T02:00:00.000000000Z,113.894,113.916,113.864,113.884,822.0
2021-11-23T02:00:00.000000000Z,113.882,113.904,113.857,113.86,656.0
2021-11-23T02:00:00.000000000Z,113.862,113.92,113.858,113.902,573.0
2021-11-23T02:00:00.000000000Z,113.901,113.946,113.899,113.903,421.0
2021-11-23T02:00:00.000000000Z,113.904,113.924,113.901,113.912,347.0
2021-11-23T02:00:00.000000000Z,113.91,113.948,113.899,113.902,399.0
2021-11-23T02:00:00.000000000Z,113.9,113.912,113.88,113.911,413.0
2021-11-23T02:00:00.000000000Z,113.912,113.912,113.88,113.896,390.0
2021-11-23T02:00:00.000000000Z,113.896,113.899,113.851,113.856,318.0
2021-11-23T02:00:00.000000000Z,113.857,113.858,113.827,113.836,388.0
2021-11-23T02:00:00.000000000Z,113.837,113.858,113.822,113.846,375.0
2021-11-23T02:00:00.000000000Z,113.848,113.864,113.83,113.844,474.0
2021-11-23T02:00:00.000000000Z,113.845,113.902,113.827,113.898,721.0
2021-11-23T02:00:00.000000000Z,113.899,113.938,113.899,113.93,557.0
2021-11-23T02:00:00.000000000Z,113.929,113.958,113.91,113.957,710.0
2021-11-23T02:00:00.000000000Z,113.956,113.958,113.908,113.914,317.0
2021-11-23T02:00:00.000000000Z,113.916,113.935,113.91,113.927,184.0
2021-11-23T02:00:00.000000000Z,113.929,113.932,113.886,113.886,198.0
2021-11-23T02:00:00.000000000Z,113.888,113.9,113.862,113.881,214.0
2021-11-23T02:00:00.000000000Z,113.88,113.92,113.872,113.92,163.0
2021-11-23T02:00:00.000000000Z,113.922,113.928,113.9,113.926,81.0
2021-11-23T02:00:00.000000000Z,113.927,113.93,113.912,113.922,122.0
2021-11-23T02:00:00.000000000Z,113.92,113.94,113.892,113.892,247.0
2021-11-23T02:00:00.000000000Z,113.937,113.96,113.932,113.96,28.0
2021-11-23T02:00:00.000000000Z,113.966,113.969,113.964,113.964,9.0
2021-11-23T02:00:00.000000000Z,113.966,113.976,113.962,113.962,15.0
2021-11-23T02:00:00.000000000Z,113.966,113.976,113.961,113.972,14.0
2021-11-23T02:00:00.000000000Z,113.969,114.016,113.926,114.016,620.0
2021-11-23T02:00:00.000000000Z,114.014,114.048,114.014,114.038,190.0
2021-11-23T02:00:00.000000000Z,114.037,114.037,113.993,114.009,182.0
2021-11-23T02:00:00.000000000Z,114.007,114.024,113.986,113.986,260.0
2021-11-23T02:00:00.000000000Z,113.987,113.996,113.956,113.964,393.0
2021-11-23T02:00:00.000000000Z,113.962,113.969,113.926,113.934,441.0
2021-11-23T02:00:00.000000000Z,113.935,113.953,113.912,113.924,398.0
2021-11-23T02:00:00.000000000Z,113.926,114.008,113.914,113.998,872.0
2021-11-23T02:00:00.000000000Z,113.996,114.008,113.922,113.929,592.0
2021-11-23T02:00:00.000000000Z,113.928,113.946,113.879,113.882,560.0
2021-11-23T02:00:00.000000000Z,113.884,113.906,113.835,113.852,1027.0
2021-11-23T02:00:00.000000000Z,113.852,113.854,113.752,113.782,1258.0
2021-11-23T02:00:00.000000000Z,113.784,113.861,113.773,113.838,935.0
2021-11-23T02:00:00.000000000Z,113.836,113.882,113.83,113.845,857.0
2021-11-23T02:00:00.000000000Z,113.844,113.874,113.821,113.868,627.0
2021-11-23T02:00:00.000000000Z,113.869,113.872,113.836,113.842,544.0
2021-11-23T02:00:00.000000000Z,113.841,113.882,113.839,113.858,728.0
2021-11-23T02:00:00.000000000Z,113.857,113.858,113.836,113.841,286.0
2021-11-23T02:00:00.000000000Z,113.842,113.852,113.828,113.848,200.0
2021-11-23T02:00:00.000000000Z,113.848,113.878,113.848,113.856,218.0
2021-11-23T02:00:00.000000000Z,113.856,113.876,113.839,113.876,267.0
2021-11-23T02:00:00.000000000Z,113.877,113.877,113.844,113.852,222.0
2021-11-23T02:00:00.000000000Z,113.853,113.875,113.847,113.854,333.0
2021-11-23T02:00:00.000000000Z,113.856,113.876,113.845,113.863,338.0
2021-11-23T02:00:00.000000000Z,113.862,113.864,113.831,113.843,287.0
2021-11-23T02:00:00.000000000Z,113.842,113.85,113.824,113.83,202.0
2021-11-23T02:00:00.000000000Z,113.832,113.858,113.829,113.852,387.0
2021-11-23T02:00:00.000000000Z,113.853,113.853,113.806,113.822,646.0
2021-11-23T02:00:00.000000000Z,113.824,113.849,113.81,113.843,520.0
2021-11-23T02:00:00.000000000Z,113.844,113.888,113.837,113.877,364.0
2021-11-23T02:00:00.000000000Z,113.876,113.898,113.87,113.896,249.0
2021-11-23T02:00:00.000000000Z,113.898,113.958,113.898,113.948,283.0
2021-11-23T02:00:00.000000000Z,113.946,113.96,113.917,113.947,797.0
2021-11-23T02:00:00.000000000Z,113.948,113.988,113.929,113.972,677.0
2021-11-23T02:00:00.000000000Z,113.972,113.998,113.952,113.968,443.0
2021-11-23T02:00:00.000000000Z,113.969,113.978,113.928,113.95,570.0
2021-11-23T02:00:00.000000000Z,113.948,113.978,113.914,113.926,1246.0
2021-11-23T02:00:00.000000000Z,113.928,113.95,113.882,113.888,1015.0
2021-11-23T02:00:00.000000000Z,113.89,113.994,113.876,113.987,616.0
2021-11-23T02:00:00.000000000Z,113.988,114.014,113.947,113.958,875.0
2021-11-23T02:00:00.000000000Z,113.96,113.969,113.907,113.936,659.0
2021-11-23T02:00:00.000000000Z,113.935,113.944,113.907,113.93,648.0
2021-11-23T02:00:00.000000000Z,113.932,113.932,113.874,113.882,392.0
2021-11-23T02:00:00.000000000Z,113.88,113.892,113.806,113.827,510.0
2021-11-23T02:00:00.000000000Z,113.826,113.866,113.823,113.846,562.0
2021-11-23T02:00:00.000000000Z,113.844,113.874,113.842,113.845,631.0
2021-11-23T02:00:00.000000000Z,113.846,113.874,113.824,113.874,685.0
2021-11-23T02:00:00.000000000Z,113.872,113.892,113.85,113.881,679.0
2021-11-23T02:00:00.000000000Z,113.88,113.881,113.848,113.868,519.0
2021-11-23T02:00:00.000000000Z,113.869,113.89,113.846,113.864,722.0
2021-11-23T02:00:00.000000000Z,113.866,113.867,113.839,113.843,380.0
2021-11-23T02:00:00.000000000Z,113.842,113.845,113.809,113.825,405.0
2021-11-23T02:00:00.000000000Z,113.826,113.858,113.818,113.845,620.0
2021-11-23T02:00:00.000000000Z,113.846,113.868,113.833,113.868,403.0
2021-11-23T02:00:00.000000000Z,113.867,113.876,113.852,113.858,436.0
2021-11-23T02:00:00.000000000Z,113.857,113.9,113.838,113.886,463.0
2021-11-23T02:00:00.000000000Z,113.884,113.899,113.869,113.874,554.0
2021-11-23T02:00:00.000000000Z,113.872,113.878,113.833,113.851,1088.0
2021-11-23T02:00:00.000000000Z,113.849,113.887,113.844,113.852,685.0
2021-11-23T02:00:00.000000000Z,113.854,113.893,113.854,113.875,636.0
2021-11-23T02:00:00.000000000Z,113.876,113.98,113.871,113.946,1114.0
2021-11-23T02:00:00.000000000Z,113.948,113.954,113.926,113.952,797.0
2021-11-23T02:00:00.000000000Z,113.953,114.004,113.922,113.994,1382.0
2021-11-23T02:00:00.000000000Z,113.995,114.014,113.944,113.973,1235.0
2021-11-23T02:00:00.000000000Z,113.974,114.053,113.946,113.966,1461.0
2021-11-23T02:00:00.000000000Z,113.968,114.012,113.96,113.995,1525.0
2021-11-23T02:00:00.000000000Z,113.994,114.031,113.95,113.986,1369.0
2021-11-23T02:00:00.000000000Z,113.984,114.0,113.958,113.968,1345.0
2021-11-23T02:00:00.000000000Z,113.97,114.006,113.963,113.972,1373.0
2021-11-23T02:00:00.000000000Z,113.974,113.974,113.922,113.942,760.0
2021-11-23T02:00:00.000000000Z,113.94,113.97,113.932,113.958,870.0
2021-11-23T02:00:00.000000000Z,113.959,113.992,113.944,113.966,634.0
2021-11-23T02:00:00.000000000Z,113.968,113.984,113.954,113.962,796.0
2021-11-23T02:00:00.000000000Z,113.96,114.006,113.954,113.983,1166.0
2021-11-23T02:00:00.000000000Z,113.98,114.05,113.977,114.046,425.0
2021-11-23T02:00:00.000000000Z,114.047,114.086,114.041,114.072,475.0
2021-11-23T02:00:00.000000000Z,114.07,114.072,114.038,114.06,432.0
2021-11-23T02:00:00.000000000Z,114.058,114.09,114.056,114.071,461.0
2021-11-23T02:00:00.000000000Z,114.072,114.082,114.056,114.056,317.0
2021-11-23T02:00:00.000000000Z,114.058,114.066,114.044,114.063,267.0
2021-11-23T02:00:00.000000000Z,114.064,114.074,114.052,114.058,364.0
2021-11-23T02:00:00.000000000Z,114.057,114.063,114.039,114.049,329.0
2021-11-23T02:00:00.000000000Z,114.048,114.072,114.042,114.062,327.0
2021-11-23T02:00:00.000000000Z,114.061,114.089,114.051,114.087,266.0
2021-11-23T02:00:00.000000000Z,114.086,114.116,114.079,114.09,743.0
2021-11-23T02:00:00.000000000Z,114.092,114.134,114.082,114.128,636.0
2021-11-23T02:00:00.000000000Z,114.126,114.16,114.107,114.138,673.0
2021-11-23T02:00:00.000000000Z,114.14,114.218,114.131,114.168,541.0
2021-11-23T02:00:00.000000000Z,114.17,114.17,114.134,114.154,392.0
2021-11-23T02:00:00.000000000Z,114.152,114.156,114.124,114.128,150.0
2021-11-23T02:00:00.000000000Z,114.126,114.128,114.121,114.125,76.0
2021-11-23T02:00:00.000000000Z,114.126,114.152,114.126,114.139,294.0
2021-11-23T02:00:00.000000000Z,114.105,114.128,114.105,114.122,13.0
2021-11-23T02:00:00.000000000Z,114.118,114.132,114.118,114.132,109.0
2021-11-23T02:00:00.000000000Z,114.127,114.159,114.126,114.134,61.0
2021-11-23T02:00:00.000000000Z,114.137,114.142,114.132,114.138,23.0
2021-11-23T02:00:00.000000000Z,114.142,114.144,114.112,114.136,146.0
2021-11-23T02:00:00.000000000Z,114.134,114.137,114.119,114.122,52.0
2021-11-23T02:00:00.000000000Z,114.12,114.164,114.112,114.156,232.0
2021-11-23T02:00:00.000000000Z,114.154,114.212,114.13,114.132,392.0
2021-11-23T02:00:00.000000000Z,114.13,114.19,114.124,114.14,763.0
2021-11-23T02:00:00.000000000Z,114.139,114.204,114.122,114.156,560.0
2021-11-23T02:00:00.000000000Z,114.156,114.175,114.116,114.124,532.0
2021-11-23T02:00:00.000000000Z,114.122,114.197,114.116,114.188,776.0
2021-11-23T02:00:00.000000000Z,114.186,114.192,114.137,114.155,360.0
2021-11-23T02:00:00.000000000Z,114.156,114.173,114.148,114.172,321.0
2021-11-23T02:00:00.000000000Z,114.173,114.308,114.173,114.245,1397.0
2021-11-23T02:00:00.000000000Z,114.246,114.298,114.219,114.292,1042.0
2021-11-23T02:00:00.000000000Z,114.294,114.314,114.24,114.275,821.0
2021-11-23T02:00:00.000000000Z,114.276,114.28,114.2,114.21,540.0
2021-11-23T02:00:00.000000000Z,114.21,114.24,114.19,114.24,674.0
2021-11-23T02:00:00.000000000Z,114.242,114.243,114.136,114.152,635.0
2021-11-23T02:00:00.000000000Z,114.154,114.192,114.152,114.154,394.0
2021-11-23T02:00:00.000000000Z,114.155,114.194,114.155,114.191,342.0
2021-11-23T02:00:00.000000000Z,114.19,114.202,114.179,114.197,297.0
2021-11-23T02:00:00.000000000Z,114.198,114.198,114.178,114.18,218.0
2021-11-23T02:00:00.000000000Z,114.178,114.179,114.152,114.167,219.0
2021-11-23T02:00:00.000000000Z,114.166,114.182,114.12,114.14,299.0
2021-11-23T02:00:00.000000000Z,114.14,114.165,114.104,114.162,399.0
2021-11-23T02:00:00.000000000Z,114.164,114.164,114.146,114.152,221.0
2021-11-23T02:00:00.000000000Z,114.153,114.161,114.134,114.152,562.0
2021-11-23T02:00:00.000000000Z,114.154,114.161,114.135,114.15,270.0
2021-11-23T02:00:00.000000000Z,114.149,114.158,114.146,114.153,164.0
2021-11-23T02:00:00.000000000Z,114.154,114.154,114.117,114.144,398.0
2021-11-23T02:00:00.000000000Z,114.146,114.174,114.118,114.173,277.0
2021-11-23T02:00:00.000000000Z,114.172,114.2,114.172,114.188,209.0
2021-11-23T02:00:00.000000000Z,114.186,114.202,114.176,114.193,347.0
2021-11-23T02:00:00.000000000Z,114.194,114.196,114.164,114.193,292.0
2021-11-23T02:00:00.000000000Z,114.195,114.23,114.161,114.202,717.0
2021-11-23T02:00:00.000000000Z,114.204,114.256,114.188,114.243,811.0
2021-11-23T02:00:00.000000000Z,114.242,114.274,114.228,114.27,825.0
2021-11-23T02:00:00.000000000Z,114.269,114.269,114.224,114.263,513.0
2021-11-23T02:00:00.000000000Z,114.264,114.292,114.248,114.262,807.0
2021-11-23T02:00:00.000000000Z,114.263,114.275,114.226,114.237,616.0
2021-11-23T02:00:00.000000000Z,114.238,114.256,114.203,114.208,617.0
2021-11-23T02:00:00.000000000Z,114.21,114.22,114.128,114.176,780.0
2021-11-23T02:00:00.000000000Z,114.178,114.195,114.144,114.172,856.0
2021-11-23T02:00:00.000000000Z,114.17,114.208,114.155,114.186,788.0
2021-11-23T02:00:00.000000000Z,114.188,114.196,114.152,114.156,540.0
2021-11-23T02:00:00.000000000Z,114.155,114.194,114.152,114.193,245.0
2021-11-23T02:00:00.000000000Z,114.192,114.242,114.192,114.23,393.0
2021-11-23T02:00:00.000000000Z,114.231,114.235,114.194,114.232,433.0
2021-11-23T02:00:00.000000000Z,114.23,114.248,114.208,114.21,420.0
2021-11-23T02:00:00.000000000Z,114.212,114.262,114.209,114.237,451.0
2021-11-23T02:00:00.000000000Z,114.236,114.282,114.231,114.278,633.0
2021-11-23T02:00:00.000000000Z,114.276,114.283,114.258,114.266,453.0
2021-11-23T02:00:00.000000000Z,114.264,114.286,114.244,114.246,548.0
2021-11-23T02:00:00.000000000Z,114.244,114.258,114.216,114.232,398.0
2021-11-23T02:00:00.000000000Z,114.233,114.274,114.232,114.272,386.0
2021-11-23T02:00:00.000000000Z,114.27,114.286,114.261,114.274,394.0
2021-11-23T02:00:00.000000000Z,114.273,114.309,114.266,114.309,307.0
2021-11-23T02:00:00.000000000Z,114.308,114.356,114.305,114.328,768.0
2021-11-23T02:00:00.000000000Z,114.327,114.336,114.25,114.269,623.0
2021-11-23T02:00:00.000000000Z,114.268,114.292,114.245,114.268,852.0
2021-11-23T02:00:00.000000000Z,114.266,114.433,114.258,114.398,2880.0
2021-11-23T02:00:00.000000000Z,114.396,114.44,114.341,114.427,1401.0
2021-11-23T02:00:00.000000000Z,114.428,114.516,114.414,114.489,2264.0
2021-11-23T02:00:00.000000000Z,114.492,114.591,114.486,114.547,1975.0
2021-11-23T02:00:00.000000000Z,114.546,114.56,114.47,114.519,2037.0
2021-11-23T02:00:00.000000000Z,114.52,114.63,114.482,114.613,1738.0
2021-11-23T02:00:00.000000000Z,114.614,114.638,114.456,114.478,1768.0
2021-11-23T02:00:00.000000000Z,114.48,114.537,114.423,114.482,1357.0
2021-11-23T02:00:00.000000000Z,114.484,114.544,114.471,114.536,1426.0
2021-11-23T02:00:00.000000000Z,114.535,114.589,114.522,114.58,1214.0
2021-11-23T02:00:00.000000000Z,114.579,114.582,114.52,114.537,1139.0
2021-11-23T02:00:00.000000000Z,114.536,114.565,114.5,114.56,814.0
2021-11-23T02:00:00.000000000Z,114.562,114.621,114.539,114.616,616.0
2021-11-23T02:00:00.000000000Z,114.618,114.634,114.613,114.624,505.0
2021-11-23T02:00:00.000000000Z,114.622,114.632,114.588,114.595,594.0
2021-11-23T02:00:00.000000000Z,114.596,114.628,114.571,114.611,773.0
2021-11-23T02:00:00.000000000Z,114.613,114.655,114.61,114.633,447.0
2021-11-23T02:00:00.000000000Z,114.634,114.651,114.612,114.621,561.0
2021-11-23T02:00:00.000000000Z,114.619,114.626,114.571,114.58,563.0
2021-11-23T02:00:00.000000000Z,114.582,114.602,114.579,114.6,445.0
2021-11-23T02:00:00.000000000Z,114.598,114.608,114.577,114.604,390.0
2021-11-23T02:00:00.000000000Z,114.602,114.66,114.601,114.631,623.0
2021-11-23T02:00:00.000000000Z,114.63,114.656,114.618,114.656,453.0
2021-11-23T02:00:00.000000000Z,114.655,114.664,114.638,114.648,555.0
2021-11-23T02:00:00.000000000Z,114.649,114.688,114.648,114.671,577.0
2021-11-23T02:00:00.000000000Z,114.67,114.698,114.64,114.696,717.0
2021-11-23T02:00:00.000000000Z,114.696,114.702,114.676,114.682,564.0
2021-11-23T02:00:00.000000000Z,114.68,114.689,114.63,114.671,366.0
2021-11-23T02:00:00.000000000Z,114.672,114.788,114.67,114.757,871.0
2021-11-23T02:00:00.000000000Z,114.758,114.844,114.745,114.826,770.0
2021-11-23T02:00:00.000000000Z,114.827,114.842,114.796,114.809,503.0
2021-11-23T02:00:00.000000000Z,114.808,114.838,114.78,114.78,252.0
2021-11-23T02:00:00.000000000Z,114.781,114.815,114.76,114.808,193.0
2021-11-23T02:00:00.000000000Z,114.807,114.85,114.797,114.828,546.0
2021-11-23T02:00:00.000000000Z,114.812,114.816,114.796,114.81,13.0
2021-11-23T02:00:00.000000000Z,114.802,114.83,114.802,114.816,23.0
2021-11-23T02:00:00.000000000Z,114.813,114.839,114.81,114.838,39.0
2021-11-23T02:00:00.000000000Z,114.842,114.847,114.809,114.835,72.0
2021-11-23T02:00:00.000000000Z,114.838,114.88,114.832,114.879,266.0
2021-11-23T02:00:00.000000000Z,114.88,114.942,114.88,114.942,299.0
2021-11-23T02:00:00.000000000Z,114.944,114.972,114.906,114.935,514.0
2021-11-23T02:00:00.000000000Z,114.936,114.936,114.876,114.906,339.0
2021-11-23T02:00:00.000000000Z,114.905,114.936,114.84,114.855,587.0
2021-11-23T02:00:00.000000000Z,114.854,114.864,114.778,114.812,553.0
2021-11-23T02:00:00.000000000Z,114.814,114.876,114.813,114.868,685.0
2021-11-23T02:00:00.000000000Z,114.866,114.888,114.806,114.814,758.0
2021-11-23T02:00:00.000000000Z,114.812,114.846,114.709,114.746,898.0
2021-11-23T02:00:00.000000000Z,114.748,114.762,114.699,114.714,570.0
2021-11-23T02:00:00.000000000Z,114.716,114.806,114.716,114.801,694.0
2021-11-23T02:00:00.000000000Z,114.799,114.826,114.772,114.799,459.0
2021-11-23T02:00:00.000000000Z,114.798,114.848,114.785,114.845,593.0
2021-11-23T02:00:00.000000000Z,114.846,114.866,114.821,114.84,473.0
2021-11-23T02:00:00.000000000Z,114.839,114.847,114.779,114.786,441.0
2021-11-23T02:00:00.000000000Z,114.787,114.812,114.778,114.8,367.0
2021-11-23T02:00:00.000000000Z,114.802,114.878,114.797,114.853,567.0
2021-11-23T02:00:00.000000000Z,114.855,114.878,114.85,114.86,395.0
2021-11-23T02:00:00.000000000Z,114.858,114.939,114.847,114.93,991.0
2021-11-23T02:00:00.000000000Z,114.932,114.938,114.866,114.888,795.0
2021-11-23T02:00:00.000000000Z,114.89,114.918,114.86,114.869,488.0
2021-11-23T02:00:00.000000000Z,114.868,114.878,114.854,114.876,340.0
2021-11-23T02:00:00.000000000Z,114.875,114.902,114.868,114.894,305.0
2021-11-23T02:00:00.000000000Z,114.896,114.896,114.84,114.86,386.0
2021-11-23T02:00:00.000000000Z,114.862,114.876,114.846,114.862,236.0
2021-11-23T02:00:00.000000000Z,114.861,114.906,114.861,114.892,194.0
2021-11-23T02:00:00.000000000Z,114.89,114.906,114.883,114.888,256.0
2021-11-23T02:00:00.000000000Z,114.887,114.913,114.887,114.912,371.0
2021-11-23T02:00:00.000000000Z,114.914,114.914,114.821,114.839,443.0
2021-11-23T02:00:00.000000000Z,114.84,114.881,114.834,114.87,313.0
2021-11-23T02:00:00.000000000Z,114.872,114.882,114.838,114.848,336.0
2021-11-23T02:00:00.000000000Z,114.847,114.884,114.836,114.869,350.0
2021-11-23T02:00:00.000000000Z,114.87,114.904,114.845,114.872,870.0
2021-11-23T02:00:00.000000000Z,114.874,114.94,114.864,114.882,647.0
2021-11-23T02:00:00.000000000Z,114.881,114.89,114.844,114.868,601.0
2021-11-23T02:00:00.000000000Z,114.869,114.926,114.857,114.89,531.0
2021-11-23T02:00:00.000000000Z,114.892,114.948,114.87,114.886,911.0
2021-11-23T02:00:00.000000000Z,114.887,114.894,114.835,114.851,694.0
2021-11-23T02:00:00.000000000Z,114.852,114.864,114.808,114.824,589.0
2021-11-23T02:00:00.000000000Z,114.823,114.85,114.798,114.832,584.0
2021-11-23T02:00:00.000000000Z,114.829,114.884,114.823,114.87,636.0
2021-11-23T02:00:00.000000000Z,114.869,114.912,114.869,114.882,750.0
2021-11-23T02:00:00.000000000Z,114.884,114.898,114.827,114.83,589.0
2021-11-23T02:00:00.000000000Z,114.828,114.842,114.798,114.834,613.0
2021-11-23T02:00:00.000000000Z,114.833,114.842,114.78,114.804,668.0
2021-11-23T02:00:00.000000000Z,114.802,114.816,114.768,114.79,386.0
2021-11-23T02:00:00.000000000Z,114.792,114.796,114.761,114.766,370.0
2021-11-23T02:00:00.000000000Z,114.766,114.818,114.746,114.797,501.0
2021-11-23T02:00:00.000000000Z,114.796,114.818,114.757,114.774,379.0
2021-11-23T02:00:00.000000000Z,114.775,114.832,114.764,114.776,533.0
2021-11-23T02:00:00.000000000Z,114.775,114.816,114.772,114.796,642.0
2021-11-23T02:00:00.000000000Z,114.794,114.804,114.71,114.744,512.0
2021-11-23T02:00:00.000000000Z,114.746,114.746,114.618,114.671,1043.0
2021-11-23T02:00:00.000000000Z,114.67,114.698,114.622,114.698,692.0
2021-11-23T02:00:00.000000000Z,114.696,114.728,114.687,114.692,499.0
2021-11-23T02:00:00.000000000Z,114.691,114.71,114.659,114.704,733.0
2021-11-23T02:00:00.000000000Z,114.703,114.705,114.631,114.688,736.0
2021-11-23T02:00:00.000000000Z,114.686,114.709,114.667,114.687,607.0
2021-11-23T02:00:00.000000000Z,114.686,114.687,114.556,114.654,1142.0
2021-11-23T02:00:00.000000000Z,114.653,114.748,114.618,114.734,904.0
2021-11-23T02:00:00.000000000Z,114.732,114.768,114.714,114.74,769.0
2021-11-23T02:00:00.000000000Z,114.738,114.766,114.695,114.736,792.0
2021-11-23T02:00:00.000000000Z,114.736,114.742,114.576,114.578,1197.0
2021-11-23T02:00:00.000000000Z,114.58,114.643,114.532,114.548,1399.0
2021-11-23T02:00:00.000000000Z,114.547,114.572,114.456,114.496,1591.0
2021-11-23T02:00:00.000000000Z,114.494,114.521,114.434,114.468,1402.0
2021-11-23T02:00:00.000000000Z,114.467,114.57,114.463,114.57,947.0
2021-11-23T02:00:00.000000000Z,114.569,114.595,114.507,114.528,1101.0
2021-11-23T02:00:00.000000000Z,114.53,114.554,114.478,114.541,1119.0
2021-11-23T02:00:00.000000000Z,114.54,114.542,114.442,114.479,951.0
2021-11-23T02:00:00.000000000Z,114.477,114.502,114.424,114.434,924.0
2021-11-23T02:00:00.000000000Z,114.432,114.443,114.332,114.344,1228.0
2021-11-23T02:00:00.000000000Z,114.346,114.378,114.323,114.349,859.0
2021-11-23T02:00:00.000000000Z,114.347,114.35,114.254,114.262,904.0
2021-11-23T02:00:00.000000000Z,114.261,114.291,114.019,114.026,1385.0
2021-11-23T02:00:00.000000000Z,114.026,114.096,113.996,114.075,1393.0
2021-11-23T02:00:00.000000000Z,114.073,114.118,113.984,114.021,1655.0
2021-11-23T02:00:00.000000000Z,114.019,114.042,113.933,114.015,1223.0
2021-11-23T02:00:00.000000000Z,114.017,114.101,114.017,114.078,926.0
2021-11-23T02:00:00.000000000Z,114.076,114.099,114.042,114.064,572.0
2021-11-23T02:00:00.000000000Z,114.062,114.114,114.052,114.055,619.0
2021-11-23T02:00:00.000000000Z,114.054,114.1,114.025,114.084,679.0
2021-11-23T02:00:00.000000000Z,114.086,114.114,114.068,114.114,374.0
2021-11-23T02:00:00.000000000Z,114.112,114.136,114.107,114.136,505.0
2021-11-23T02:00:00.000000000Z,114.135,114.199,114.134,114.168,466.0
2021-11-23T02:00:00.000000000Z,114.168,114.18,114.142,114.162,249.0
2021-11-23T02:00:00.000000000Z,114.164,114.168,114.142,114.148,180.0
2021-11-23T02:00:00.000000000Z,114.146,114.158,114.106,114.108,354.0
2021-11-23T02:00:00.000000000Z,114.11,114.154,114.11,114.131,359.0
2021-11-23T02:00:00.000000000Z,114.13,114.16,114.124,114.128,176.0
2021-11-23T02:00:00.000000000Z,114.13,114.14,114.111,114.112,130.0
2021-11-23T02:00:00.000000000Z,114.111,114.123,114.09,114.118,389.0
2021-11-23T02:00:00.000000000Z,114.084,114.17,114.08,114.138,186.0
2021-11-23T02:00:00.000000000Z,114.133,114.149,114.123,114.131,17.0
2021-11-23T02:00:00.000000000Z,114.138,114.17,114.131,114.155,59.0
2021-11-23T02:00:00.000000000Z,114.152,114.16,114.141,114.158,34.0
2021-11-23T02:00:00.000000000Z,114.156,114.234,114.143,114.232,592.0
2021-11-23T02:00:00.000000000Z,114.234,114.238,114.191,114.2,271.0
2021-11-23T02:00:00.000000000Z,114.198,114.215,114.173,114.198,532.0
2021-11-23T02:00:00.000000000Z,114.2,114.208,114.159,114.194,379.0
2021-11-23T02:00:00.000000000Z,114.195,114.242,114.168,114.189,584.0
2021-11-23T02:00:00.000000000Z,114.19,114.196,114.139,114.158,533.0
2021-11-23T02:00:00.000000000Z,114.16,114.188,114.107,114.112,476.0
2021-11-23T02:00:00.000000000Z,114.111,114.214,114.109,114.208,889.0
2021-11-23T02:00:00.000000000Z,114.206,114.206,114.161,114.195,367.0
2021-11-23T02:00:00.000000000Z,114.196,114.198,114.052,114.064,690.0
2021-11-23T02:00:00.000000000Z,114.064,114.1,114.053,114.079,727.0
2021-11-23T02:00:00.000000000Z,114.078,114.088,114.007,114.052,739.0
2021-11-23T02:00:00.000000000Z,114.05,114.056,113.912,113.922,1074.0
2021-11-23T02:00:00.000000000Z,113.924,113.996,113.88,113.984,1071.0
2021-11-23T02:00:00.000000000Z,113.986,114.054,113.986,114.053,784.0
2021-11-23T02:00:00.000000000Z,114.052,114.09,114.034,114.047,719.0
2021-11-23T02:00:00.000000000Z,114.046,114.074,114.032,114.065,341.0
2021-11-23T02:00:00.000000000Z,114.066,114.077,114.03,114.03,286.0
2021-11-23T02:00:00.000000000Z,114.032,114.07,114.018,114.064,440.0
2021-11-23T02:00:00.000000000Z,114.062,114.116,114.043,114.101,537.0
2021-11-23T02:00:00.000000000Z,114.1,114.118,114.036,114.045,517.0
2021-11-23T02:00:00.000000000Z,114.046,114.059,114.042,114.056,258.0
2021-11-23T02:00:00.000000000Z,114.055,114.076,114.048,114.076,424.0
2021-11-23T02:00:00.000000000Z,114.078,114.08,114.068,114.068,238.0
2021-11-23T02:00:00.000000000Z,114.07,114.274,114.066,114.216,1739.0
2021-11-23T02:00:00.000000000Z,114.215,114.238,114.179,114.212,803.0
2021-11-23T02:00:00.000000000Z,114.214,114.234,114.175,114.18,400.0
2021-11-23T02:00:00.000000000Z,114.182,114.188,114.156,114.18,349.0
2021-11-23T02:00:00.000000000Z,114.182,114.185,114.154,114.176,362.0
2021-11-23T02:00:00.000000000Z,114.176,114.232,114.176,114.21,416.0
2021-11-23T02:00:00.000000000Z,114.212,114.254,114.212,114.246,303.0
2021-11-23T02:00:00.000000000Z,114.248,114.254,114.166,114.173,381.0
2021-11-23T02:00:00.000000000Z,114.174,114.178,114.103,114.128,640.0
2021-11-23T02:00:00.000000000Z,114.129,114.166,114.071,114.088,805.0
2021-11-23T02:00:00.000000000Z,114.09,114.11,114.029,114.046,804.0
2021-11-23T02:00:00.000000000Z,114.048,114.08,113.978,114.019,823.0
2021-11-23T02:00:00.000000000Z,114.018,114.085,114.011,114.077,1178.0
2021-11-23T02:00:00.000000000Z,114.078,114.12,114.075,114.104,720.0
2021-11-23T02:00:00.000000000Z,114.102,114.226,114.101,114.192,1032.0
2021-11-23T02:00:00.000000000Z,114.194,114.208,114.15,114.171,747.0
2021-11-23T02:00:00.000000000Z,114.169,114.227,114.169,114.194,770.0
2021-11-23T02:00:00.000000000Z,114.192,114.226,114.184,114.197,392.0
2021-11-23T02:00:00.000000000Z,114.198,114.21,114.149,114.156,708.0
2021-11-23T02:00:00.000000000Z,114.157,114.202,114.157,114.186,377.0
2021-11-23T02:00:00.000000000Z,114.184,114.208,114.173,114.189,625.0
2021-11-23T02:00:00.000000000Z,114.188,114.22,114.182,114.21,441.0
2021-11-23T02:00:00.000000000Z,114.209,114.224,114.173,114.174,424.0
2021-11-23T02:00:00.000000000Z,114.173,114.196,114.169,114.175,462.0
2021-11-23T02:00:00.000000000Z,114.177,114.19,114.14,114.174,497.0
2021-11-23T02:00:00.000000000Z,114.174,114.184,114.124,114.15,413.0
2021-11-23T02:00:00.000000000Z,114.149,114.19,114.146,114.188,383.0
2021-11-23T02:00:00.000000000Z,114.186,114.192,114.173,114.184,533.0
2021-11-23T02:00:00.000000000Z,114.186,114.212,114.178,114.19,826.0
2021-11-23T02:00:00.000000000Z,114.191,114.208,114.182,114.208,326.0
2021-11-23T02:00:00.000000000Z,114.207,114.242,114.153,114.164,482.0
2021-11-23T02:00:00.000000000Z,114.162,114.182,114.132,114.179,544.0
2021-11-23T02:00:00.000000000Z,114.178,114.222,114.165,114.218,619.0
2021-11-23T02:00:00.000000000Z,114.216,114.375,114.214,114.357,1531.0
2021-11-23T02:00:00.000000000Z,114.36,114.394,114.32,114.32,1361.0
2021-11-23T02:00:00.000000000Z,114.319,114.363,114.274,114.357,1064.0
2021-11-23T02:00:00.000000000Z,114.358,114.418,114.334,114.352,1073.0
2021-11-23T02:00:00.000000000Z,114.352,114.396,114.332,114.381,805.0
2021-11-23T02:00:00.000000000Z,114.38,114.392,114.263,114.309,1405.0
2021-11-23T02:00:00.000000000Z,114.308,114.45,114.306,114.416,1412.0
2021-11-23T02:00:00.000000000Z,114.414,114.49,114.35,114.37,1355.0
2021-11-23T02:00:00.000000000Z,114.368,114.368,114.176,114.268,2128.0
2021-11-23T02:00:00.000000000Z,114.27,114.309,114.231,114.295,1233.0
2021-11-23T02:00:00.000000000Z,114.296,114.331,114.236,114.284,1261.0
2021-11-23T02:00:00.000000000Z,114.286,114.316,114.266,114.291,1098.0
2021-11-23T02:00:00.000000000Z,114.292,114.312,114.27,114.274,597.0
2021-11-23T02:00:00.000000000Z,114.272,114.278,114.243,114.246,497.0
2021-11-23T02:00:00.000000000Z,114.248,114.273,114.209,114.216,651.0
2021-11-23T02:00:00.000000000Z,114.218,114.238,114.164,114.189,633.0
2021-11-23T02:00:00.000000000Z,114.19,114.216,114.182,114.184,669.0
2021-11-23T02:00:00.000000000Z,114.183,114.236,114.172,114.222,514.0
2021-11-23T02:00:00.000000000Z,114.222,114.268,114.21,114.24,529.0
2021-11-23T02:00:00.000000000Z,114.24,114.28,114.224,114.228,428.0
2021-11-23T02:00:00.000000000Z,114.227,114.24,114.191,114.234,424.0
2021-11-23T02:00:00.000000000Z,114.236,114.256,114.219,114.226,295.0
2021-11-23T02:00:00.000000000Z,114.227,114.236,114.215,114.232,296.0
2021-11-23T02:00:00.000000000Z,114.233,114.264,114.23,114.252,305.0
2021-11-23T02:00:00.000000000Z,114.254,114.272,114.22,114.237,230.0
2021-11-23T02:00:00.000000000Z,114.235,114.258,114.219,114.247,235.0
2021-11-23T02:00:00.000000000Z,114.248,114.263,114.222,114.263,316.0
2021-11-23T02:00:00.000000000Z,114.262,114.278,114.248,114.267,420.0
2021-11-23T02:00:00.000000000Z,114.268,114.278,114.24,114.25,245.0
2021-11-23T02:00:00.000000000Z,114.251,114.255,114.227,114.255,194.0
2021-11-23T02:00:00.000000000Z,114.254,114.254,114.226,114.23,239.0
2021-11-23T02:00:00.000000000Z,114.228,114.242,114.226,114.238,211.0
2021-11-23T02:00:00.000000000Z,114.237,114.26,114.232,114.254,138.0
2021-11-23T02:00:00.000000000Z,114.251,114.254,114.242,114.244,94.0
2021-11-23T02:00:00.000000000Z,114.246,114.261,114.238,114.254,190.0
2021-11-23T02:00:00.000000000Z,114.269,114.28,114.24,114.253,24.0
2021-11-23T02:00:00.000000000Z,114.258,114.26,114.242,114.242,11.0
2021-11-23T02:00:00.000000000Z,114.254,114.272,114.251,114.264,50.0
2021-11-23T02:00:00.000000000Z,114.262,114.266,114.245,114.258,73.0
2021-11-23T02:00:00.000000000Z,114.255,114.276,114.236,114.272,129.0
2021-11-23T02:00:00.000000000Z,114.271,114.276,114.245,114.274,131.0
2021-11-23T02:00:00.000000000Z,114.276,114.296,114.262,114.28,230.0
2021-11-23T02:00:00.000000000Z,114.282,114.288,114.264,114.286,147.0
2021-11-23T02:00:00.000000000Z,114.284,114.355,114.277,114.33,957.0
2021-11-23T02:00:00.000000000Z,114.328,114.362,114.302,114.318,471.0
2021-11-23T02:00:00.000000000Z,114.32,114.344,114.294,114.336,360.0
2021-11-23T02:00:00.000000000Z,114.338,114.356,114.315,114.332,1005.0
2021-11-23T02:00:00.000000000Z,114.331,114.356,114.277,114.346,675.0
2021-11-23T02:00:00.000000000Z,114.344,114.37,114.29,114.31,845.0
2021-11-23T02:00:00.000000000Z,114.311,114.319,114.246,114.256,739.0
2021-11-23T02:00:00.000000000Z,114.256,114.326,114.256,114.322,1322.0
2021-11-23T02:00:00.000000000Z,114.321,114.352,114.309,114.337,1019.0
2021-11-23T02:00:00.000000000Z,114.338,114.346,114.324,114.344,452.0
2021-11-23T02:00:00.000000000Z,114.342,114.368,114.34,114.363,420.0
2021-11-23T02:00:00.000000000Z,114.362,114.378,114.346,114.37,436.0
2021-11-23T02:00:00.000000000Z,114.372,114.396,114.36,114.375,455.0
2021-11-23T02:00:00.000000000Z,114.376,114.4,114.371,114.382,324.0
2021-11-23T02:00:00.000000000Z,114.383,114.396,114.37,114.37,255.0
2021-11-23T02:00:00.000000000Z,114.372,114.378,114.348,114.368,404.0
2021-11-23T02:00:00.000000000Z,114.369,114.374,114.347,114.368,460.0
2021-11-23T02:00:00.000000000Z,114.366,114.379,114.36,114.364,365.0
2021-11-23T02:00:00.000000000Z,114.363,114.369,114.344,114.348,399.0
2021-11-23T02:00:00.000000000Z,114.35,114.372,114.348,114.368,242.0
2021-11-23T02:00:00.000000000Z,114.37,114.376,114.316,114.32,436.0
2021-11-23T02:00:00.000000000Z,114.318,114.331,114.317,114.328,154.0
2021-11-23T02:00:00.000000000Z,114.326,114.34,114.318,114.333,269.0
2021-11-23T02:00:00.000000000Z,114.334,114.358,114.334,114.352,247.0
2021-11-23T02:00:00.000000000Z,114.35,114.364,114.338,114.346,274.0
2021-11-23T02:00:00.000000000Z,114.348,114.348,114.337,114.343,129.0
2021-11-23T02:00:00.000000000Z,114.341,114.344,114.303,114.308,273.0
2021-11-23T02:00:00.000000000Z,114.309,114.324,114.296,114.304,256.0
2021-11-23T02:00:00.000000000Z,114.306,114.348,114.302,114.338,513.0
2021-11-23T02:00:00.000000000Z,114.339,114.342,114.318,114.324,558.0
2021-11-23T02:00:00.000000000Z,114.324,114.341,114.315,114.34,484.0
2021-11-23T02:00:00.000000000Z,114.342,114.376,114.328,114.361,490.0
2021-11-23T02:00:00.000000000Z,114.362,114.37,114.338,114.339,569.0
2021-11-23T02:00:00.000000000Z,114.338,114.466,114.334,114.46,779.0
2021-11-23T02:00:00.000000000Z,114.46,114.47,114.429,114.434,974.0
2021-11-23T02:00:00.000000000Z,114.432,114.463,114.409,114.458,774.0
2021-11-23T02:00:00.000000000Z,114.456,114.541,114.456,114.476,1160.0
2021-11-23T02:00:00.000000000Z,114.48,114.482,114.11,114.171,2675.0
2021-11-23T02:00:00.000000000Z,114.17,114.186,113.898,113.984,5024.0
2021-11-23T02:00:00.000000000Z,113.987,114.078,113.968,114.007,2558.0
2021-11-23T02:00:00.000000000Z,114.006,114.018,113.811,113.874,3275.0
2021-11-23T02:00:00.000000000Z,113.876,113.994,113.838,113.932,2139.0
2021-11-23T02:00:00.000000000Z,113.931,114.043,113.917,113.992,1175.0
2021-11-23T02:00:00.000000000Z,113.99,114.0,113.916,113.965,1701.0
2021-11-23T02:00:00.000000000Z,113.964,113.97,113.906,113.95,1550.0
2021-11-23T02:00:00.000000000Z,113.95,113.994,113.932,113.951,1275.0
2021-11-23T02:00:00.000000000Z,113.952,113.954,113.856,113.868,1488.0
2021-11-23T02:00:00.000000000Z,113.871,113.896,113.838,113.842,1775.0
2021-11-23T02:00:00.000000000Z,113.844,113.847,113.601,113.702,2626.0
2021-11-23T02:00:00.000000000Z,113.844,113.847,113.601,113.702,2626.0
2021-11-23T02:00:00.000000000Z,113.701,113.742,113.656,113.721,1094.0
2021-11-23T02:00:00.000000000Z,113.722,113.746,113.602,113.636,2135.0
2021-11-23T02:00:00.000000000Z,113.638,113.766,113.589,113.761,2208.0
2021-11-23T02:00:00.000000000Z,113.76,113.839,113.73,113.758,2221.0
2021-11-23T02:00:00.000000000Z,113.76,113.83,113.722,113.807,1592.0
2021-11-23T02:00:00.000000000Z,113.808,113.922,113.798,113.888,1719.0
2021-11-23T02:00:00.000000000Z,113.89,113.898,113.792,113.812,1765.0
2021-11-23T02:00:00.000000000Z,113.812,113.893,113.676,113.881,2381.0
2021-11-23T02:00:00.000000000Z,113.879,114.066,113.87,113.951,4536.0
2021-11-23T02:00:00.000000000Z,113.95,113.954,113.854,113.914,2767.0
2021-11-23T02:00:00.000000000Z,113.916,113.982,113.853,113.884,1826.0
2021-11-23T02:00:00.000000000Z,113.884,113.912,113.84,113.866,2121.0
2021-11-23T02:00:00.000000000Z,113.865,113.888,113.821,113.829,1413.0
2021-11-23T02:00:00.000000000Z,113.828,113.89,113.757,113.864,1406.0
2021-11-23T02:00:00.000000000Z,113.862,114.043,113.836,113.868,3253.0
2021-11-23T02:00:00.000000000Z,113.866,113.89,113.84,113.858,1361.0
2021-11-23T02:00:00.000000000Z,113.856,113.9,113.804,113.808,1088.0
2021-11-23T02:00:00.000000000Z,113.807,113.817,113.784,113.801,840.0
2021-11-23T02:00:00.000000000Z,113.803,113.826,113.73,113.797,859.0
2021-11-23T02:00:00.000000000Z,113.798,113.848,113.787,113.842,685.0
2021-11-23T02:00:00.000000000Z,113.84,113.842,113.808,113.828,526.0
2021-11-23T02:00:00.000000000Z,113.829,114.07,113.81,114.032,2122.0
2021-11-23T02:00:00.000000000Z,114.034,114.046,113.946,113.98,1254.0
2021-11-23T02:00:00.000000000Z,113.981,114.058,113.932,113.961,1445.0
2021-11-23T02:00:00.000000000Z,113.959,113.976,113.926,113.956,1094.0
2021-11-23T02:00:00.000000000Z,113.954,113.97,113.886,113.9,841.0
2021-11-23T02:00:00.000000000Z,113.901,113.946,113.901,113.946,562.0
2021-11-23T02:00:00.000000000Z,113.944,113.959,113.912,113.934,698.0
2021-11-23T02:00:00.000000000Z,113.935,113.951,113.908,113.95,572.0
2021-11-23T02:00:00.000000000Z,113.952,113.958,113.918,113.92,400.0
2021-11-23T02:00:00.000000000Z,113.918,113.948,113.915,113.935,429.0
2021-11-23T02:00:00.000000000Z,113.936,114.03,113.936,114.03,644.0
2021-11-23T02:00:00.000000000Z,114.028,114.032,113.98,114.0,324.0
2021-11-23T02:00:00.000000000Z,113.998,114.01,113.976,113.99,252.0
2021-11-23T02:00:00.000000000Z,113.988,114.01,113.97,113.994,295.0
2021-11-23T02:00:00.000000000Z,113.996,113.998,113.968,113.986,168.0
2021-11-23T02:00:00.000000000Z,113.985,114.019,113.983,114.013,111.0
2021-11-23T02:00:00.000000000Z,114.012,114.032,114.01,114.021,145.0
2021-11-23T02:00:00.000000000Z,114.022,114.036,113.994,114.0,213.0
2021-11-23T02:00:00.000000000Z,114.048,114.062,114.022,114.029,177.0
2021-11-23T02:00:00.000000000Z,114.03,114.074,114.023,114.034,544.0
2021-11-23T02:00:00.000000000Z,114.036,114.101,114.032,114.083,491.0
2021-11-23T02:00:00.000000000Z,114.084,114.105,114.055,114.067,866.0
2021-11-23T02:00:00.000000000Z,114.066,114.134,114.046,114.129,584.0
2021-11-23T02:00:00.000000000Z,114.13,114.18,114.107,114.174,633.0
2021-11-23T02:00:00.000000000Z,114.175,114.184,114.144,114.176,769.0
2021-11-23T02:00:00.000000000Z,114.174,114.176,114.131,114.165,811.0
2021-11-23T02:00:00.000000000Z,114.164,114.196,114.142,114.186,740.0
2021-11-23T02:00:00.000000000Z,114.185,114.215,114.171,114.179,469.0
2021-11-23T02:00:00.000000000Z,114.178,114.198,114.167,114.17,373.0
2021-11-23T02:00:00.000000000Z,114.168,114.17,114.13,114.134,473.0
2021-11-23T02:00:00.000000000Z,114.136,114.154,114.131,114.151,615.0
2021-11-23T02:00:00.000000000Z,114.15,114.19,114.145,114.176,450.0
2021-11-23T02:00:00.000000000Z,114.178,114.183,114.153,114.157,375.0
2021-11-23T02:00:00.000000000Z,114.156,114.16,114.104,114.113,587.0
2021-11-23T02:00:00.000000000Z,114.114,114.153,114.112,114.148,668.0
2021-11-23T02:00:00.000000000Z,114.15,114.178,114.143,114.168,511.0
2021-11-23T02:00:00.000000000Z,114.166,114.178,114.142,114.152,476.0
2021-11-23T02:00:00.000000000Z,114.154,114.159,114.131,114.14,527.0
2021-11-23T02:00:00.000000000Z,114.142,114.153,114.138,114.138,209.0
2021-11-23T02:00:00.000000000Z,114.137,114.146,114.126,114.137,284.0
2021-11-23T02:00:00.000000000Z,114.136,114.156,114.124,114.148,223.0
2021-11-23T02:00:00.000000000Z,114.146,114.168,114.133,114.133,310.0
2021-11-23T02:00:00.000000000Z,114.132,114.166,114.13,114.15,366.0
2021-11-23T02:00:00.000000000Z,114.149,114.185,114.143,114.177,292.0
2021-11-23T02:00:00.000000000Z,114.178,114.196,114.157,114.172,406.0
2021-11-23T02:00:00.000000000Z,114.174,114.191,114.164,114.19,230.0
2021-11-23T02:00:00.000000000Z,114.189,114.243,114.162,114.231,969.0
2021-11-23T02:00:00.000000000Z,114.232,114.252,114.218,114.248,871.0
2021-11-23T02:00:00.000000000Z,114.249,114.269,114.223,114.224,687.0
2021-11-23T02:00:00.000000000Z,114.222,114.258,114.21,114.225,767.0
2021-11-23T02:00:00.000000000Z,114.224,114.255,114.114,114.133,1721.0
2021-11-23T02:00:00.000000000Z,114.132,114.174,114.106,114.132,1454.0
2021-11-23T02:00:00.000000000Z,114.133,114.188,114.094,114.147,1403.0
2021-11-23T02:00:00.000000000Z,114.145,114.184,114.134,114.148,994.0
2021-11-23T02:00:00.000000000Z,114.147,114.168,114.107,114.133,877.0
2021-11-23T02:00:00.000000000Z,114.132,114.134,114.069,114.107,764.0
2021-11-23T02:00:00.000000000Z,114.106,114.126,114.076,114.11,868.0
2021-11-23T02:00:00.000000000Z,114.108,114.138,114.069,114.134,801.0
2021-11-23T02:00:00.000000000Z,114.132,114.161,114.094,114.146,1090.0
2021-11-23T02:00:00.000000000Z,114.145,114.176,114.114,114.163,937.0
2021-11-23T02:00:00.000000000Z,114.165,114.196,114.137,114.173,757.0
2021-11-23T02:00:00.000000000Z,114.174,114.192,114.158,114.162,484.0
2021-11-23T02:00:00.000000000Z,114.163,114.204,114.158,114.185,712.0
2021-11-23T02:00:00.000000000Z,114.184,114.204,114.164,114.176,384.0
2021-11-23T02:00:00.000000000Z,114.177,114.206,114.163,114.191,706.0
2021-11-23T02:00:00.000000000Z,114.19,114.238,114.064,114.118,1881.0
2021-11-23T02:00:00.000000000Z,114.116,114.164,114.101,114.123,867.0
2021-11-23T02:00:00.000000000Z,114.124,114.152,114.086,114.118,879.0
2021-11-23T02:00:00.000000000Z,114.116,114.13,114.084,114.118,540.0
2021-11-23T02:00:00.000000000Z,114.117,114.146,114.114,114.134,706.0
2021-11-23T02:00:00.000000000Z,114.133,114.148,114.068,114.1,1487.0
2021-11-23T02:00:00.000000000Z,114.101,114.114,114.074,114.1,915.0
2021-11-23T02:00:00.000000000Z,114.098,114.138,114.088,114.109,751.0
2021-11-23T02:00:00.000000000Z,114.108,114.182,114.108,114.154,1277.0
2021-11-23T02:00:00.000000000Z,114.155,114.546,114.149,114.526,4340.0
2021-11-23T02:00:00.000000000Z,114.524,114.698,114.501,114.661,2736.0
2021-11-23T02:00:00.000000000Z,114.662,114.743,114.65,114.672,1877.0
2021-11-23T02:00:00.000000000Z,114.674,114.68,114.5,114.61,1635.0
2021-11-23T02:00:00.000000000Z,114.612,114.72,114.609,114.701,1837.0
2021-11-23T02:00:00.000000000Z,114.702,114.746,114.613,114.65,1277.0
2021-11-23T02:00:00.000000000Z,114.652,114.724,114.634,114.722,995.0
2021-11-23T02:00:00.000000000Z,114.724,114.754,114.681,114.738,1127.0
2021-11-23T02:00:00.000000000Z,114.74,114.76,114.704,114.73,858.0
2021-11-23T02:00:00.000000000Z,114.728,114.754,114.721,114.74,597.0
2021-11-23T02:00:00.000000000Z,114.742,114.818,114.737,114.766,989.0
2021-11-23T02:00:00.000000000Z,114.767,114.802,114.611,114.686,1132.0
2021-11-23T02:00:00.000000000Z,114.684,114.73,114.684,114.719,913.0
2021-11-23T02:00:00.000000000Z,114.72,114.769,114.701,114.761,629.0
2021-11-23T02:00:00.000000000Z,114.762,114.826,114.745,114.822,400.0
2021-11-23T02:00:00.000000000Z,114.82,114.847,114.802,114.832,493.0
2021-11-23T02:00:00.000000000Z,114.831,114.886,114.811,114.884,835.0
2021-11-23T02:00:00.000000000Z,114.886,114.896,114.836,114.84,422.0
2021-11-23T02:00:00.000000000Z,114.842,114.924,114.832,114.923,514.0
2021-11-23T02:00:00.000000000Z,114.922,114.938,114.911,114.916,433.0
2021-11-23T02:00:00.000000000Z,114.914,114.934,114.904,114.926,450.0
2021-11-23T02:00:00.000000000Z,114.927,114.934,114.899,114.904,355.0
2021-11-23T02:00:00.000000000Z,114.902,114.934,114.859,114.93,499.0
2021-11-23T02:00:00.000000000Z,114.929,114.953,114.907,114.948,447.0
2021-11-23T02:00:00.000000000Z,114.95,114.957,114.924,114.949,589.0
2021-11-23T02:00:00.000000000Z,114.948,114.964,114.93,114.93,395.0
2021-11-23T02:00:00.000000000Z,114.928,114.944,114.872,114.888,370.0
2021-11-23T02:00:00.000000000Z,114.89,114.915,114.834,114.85,383.0
2021-11-23T02:00:00.000000000Z,114.851,114.873,114.848,114.854,237.0
2021-11-23T02:00:00.000000000Z,114.852,114.892,114.843,114.88,224.0
2021-11-23T02:00:00.000000000Z,114.878,114.892,114.869,114.874,151.0
2021-11-23T02:00:00.000000000Z,114.872,114.884,114.851,114.882,219.0
2021-11-23T02:00:00.000000000Z,114.894,114.898,114.873,114.874,27.0
2021-11-23T02:00:00.000000000Z,114.881,114.881,114.844,114.863,13.0
2021-11-23T02:00:00.000000000Z,114.858,114.886,114.834,114.84,75.0
2021-11-23T02:00:00.000000000Z,114.844,114.862,114.836,114.844,58.0
2021-11-23T02:00:00.000000000Z,114.848,114.867,114.84,114.86,237.0
2021-11-23T02:00:00.000000000Z,114.858,114.874,114.844,114.847,132.0
2021-11-23T02:00:00.000000000Z,114.845,114.845,114.796,114.796,224.0
2021-11-23T02:00:00.000000000Z,114.799,114.824,114.79,114.791,216.0
2021-11-23T02:00:00.000000000Z,114.793,114.824,114.793,114.81,253.0
2021-11-23T02:00:00.000000000Z,114.808,114.813,114.751,114.752,361.0
2021-11-23T02:00:00.000000000Z,114.754,114.78,114.738,114.753,217.0
2021-11-23T02:00:00.000000000Z,114.754,114.774,114.749,114.774,191.0
2021-11-23T02:00:00.000000000Z,114.772,114.788,114.756,114.756,340.0
2021-11-23T02:00:00.000000000Z,114.758,114.778,114.749,114.775,281.0
2021-11-23T02:00:00.000000000Z,114.776,114.808,114.766,114.79,202.0
2021-11-23T02:00:00.000000000Z,114.791,114.848,114.785,114.831,213.0
2021-11-23T02:00:00.000000000Z,114.832,114.899,114.826,114.898,370.0
